{
  "urls": [
    "assets/sounds/exported/desktop/sounds.mp3",
    "assets/sounds/exported/desktop/sounds.ogg"
  ],
  "sprite": {
    "background": [
      0,
      64757.55102040816
    ],
    "button": [
      66000,
      104.4897959183686
    ],
    "chipPlace": [
      68000,
      339.59183673469795
    ],
    "dealCard": [
      70000,
      391.83673469388225
    ],
    "dealerBJ": [
      72000,
      1671.8367346938835
    ],
    "doubledown": [
      75000,
      914.285714285711
    ],
    "firstChipPlace": [
      77000,
      182.85714285714505
    ],
    "flipCard": [
      79000,
      626.9387755101974
    ],
    "hit": [
      81000,
      757.5510204081581
    ],
    "lose": [
      83000,
      653.0612244897895
    ],
    "playerBJ": [
      85000,
      1671.8367346938835
    ],
    "popup": [
      88000,
      940.4081632653032
    ],
    "push": [
      90000,
      783.6734693877503
    ],
    "slideCard": [
      92000,
      313.4693877551058
    ],
    "split": [
      94000,
      757.5510204081581
    ],
    "stand": [
      96000,
      914.285714285711
    ],
    "tooMany": [
      98000,
      1123.2653061224482
    ],
    "welcome": [
      101000,
      862.0408163265267
    ],
    "win": [
      103000,
      1018.7755102040796
    ]
  }
}